"TITULO","ISSN","ESTRATO"
"ACTA BIOL. COLOMB.","19001649","A3"
"ACTA BIOLÓGICA CATARINENSE","23583363","B4"
"ACTA BIOLOGICA COLOMBIANA","0120548X","B1"
"ACTA BOTANICA BRASILICA","01023306","A4"
"ACTA BOTANICA BRASILICA","1677941X","A4"
"ACTA BOTANICA BRASÍLICA","01023306","A4"
"ACTA BOTÁNICA MALACITANA","02109506","B4"
"ACTA CHIROPTEROLOGICA","15081109","A3"
"ACTA ETHOLOGICA","08739749","A4"
"ACTA LIMNOLOGICA BRASILIENSIA","2179975X","B4"
"ACTA OECOLOGICA","1146609X","A3"
"ACTA SCIENTIAE","15174492","B4"
"ACTA SCIENTIARUM. BIOLOGICAL SCIENCES","1807863X","B2"
"ACTA TROPICA","0001706X","A2"
"ACTA ZOOLÓGICA MEXICANA","00651737","B4"
"ADVANCES IN FORESTRY SCIENCE","23578181","B4"
"AFRICAN JOURNAL OF BIOTECHNOLOGY","16845315","B4"
"AGRÁRIA","19810997","B4"
"AGRICULTURAL AND FOREST ENTOMOLOGY","14619563","A2"
"AGRICULTURAL AND FOREST ENTOMOLOGY","14619555","A2"
"AGRICULTURE","20770472","A3"
"AGRICULTURE ECOSYSTEMS & ENVIRONMENT","01678809","A1"
"AGROTRÓPICA","01033816","B4"
"ALEXANDRIA","19825153","B4"
"ALGAL RESEARCH-BIOMASS BIOFUELS AND BIOPRODUCTS","22119264","A1"
"AMBIENTE & EDUCAÇÃO","14138638","B4"
"AMBIO","16547209","A1"
"AMERICAN JOURNAL OF TROPICAL MEDICINE AND HYGIENE","00029637","A3"
"AMERICAN JOURNAL OF ZOOLOGY","23736771",NA
"AMERICAN-EURASIAN JOURNAL OF AGRICULTURAL & ENVIRONMENTAL SCIENCES","18186769",NA
"AMPHIBIA-REPTILIA","01735373","A4"
"ANAIS DA ACADEMIA BRASILEIRA DE CIENCIAS","00013765","A2"
"ANAIS DA ACADEMIA BRASILEIRA DE CIÊNCIAS","16782690","A2"
"ANIMAL BEHAVIOUR","00033472","A1"
"ANIMAL BIOLOGY","15707555","A4"
"ANNALES DE LA SOCIETE ENTOMOLOGIQUE DE FRANCE","00379271","B1"
"ANNALES DE LIMNOLOGIE-INTERNATIONAL JOURNAL OF LIMNOLOGY","00034088","B2"
"ANUÁRIO DO INSTITUTO DE GEOCIÊNCIAS - UFRJ","19823908",NA
"APIDOLOGIE","00448435","A2"
"APIDOLOGIE","12979678","A2"
"APPLIED BIOCHEMISTRY AND BIOTECHNOLOGY","02732289","A3"
"APPLIED RADIATION AND ISOTOPES","09698043","A4"
"AQUACULTURE BRASIL","25253379",NA
"AQUATIC ECOLOGY","13862588","A2"
"AQUATIC ECOSYSTEM HEALTH AND MANAGEMENT","14634988","B1"
"AQUATIC SCIENCES","10151621","A2"
"ARARAJUBA","01035657",NA
"ARQUIVO BRASILEIRO DE MEDICINA VETERINÁRIA E ZOOTECNIA","01020935","B2"
"ARQUIVOS DE CIÊNCIAS DO MAR","25267639",NA
"ARQUIVOS DO MUSEU NACIONAL","03654508",NA
"ARTHROPOD-PLANT INTERACTIONS","18728855","A3"
"ATELIÊ GEOGRÁFICO","19821956","B4"
"ATUALIDADES ORNITOLÓGICAS","19818874",NA
"ATUALIDADES ORNITOLÓGICAS","01042386",NA
"ATUALIDADES ORNITOLÓGICAS","19818873",NA
"AUST J CROP SCI","18352693","B4"
"AUSTRAL ECOLOGY","14429985","A4"
"BASIC AND APPLIED ECOLOGY","14391791","A2"
"BEHAVIORAL ECOLOGY AND SOCIOBIOLOGY","03405443","A1"
"BIOACOUSTICS","21650586","A2"
"BIOCHEMICAL SYSTEMATICS AND ECOLOGY","03051978","B1"
"BIOCONTROL SCIENCE AND TECHNOLOGY","13600478","A3"
"BIODIVERSIDADE BRASILEIRA","22362886","B4"
"BIODIVERSIDADE PAMPEANA","16796179",NA
"BIODIVERSITY AND CONSERVATION","09603115","A2"
"BIODIVERSITY DATA JOURNAL","13142828","A4"
"BIOENERG RES","19391234","A2"
"BIOENERGY RESEARCH","19391234","A2"
"BIOLOGIA GERAL E EXPERIMENTAL","15191982",NA
"BIOLOGICAL CONSERVATION","00063207","A1"
"BIOLOGICAL INVASIONS","13873547","A1"
"BIOLOGICAL JOURNAL OF THE LINNEAN SOCIETY","00244066","A2"
"BIOLOGICAL REVIEWS","14647931","A1"
"BIOLOGICAL TRACE ELEMENT RESEARCH","01634984","A3"
"BIOLOGY & PHILOSOPHY","01693867","A1"
"BIOMATEMÁTICA","1679365X",NA
"BIORESOURCE TECHNOLOGY","09608524","A1"
"BIOSCIENCE JOURNAL","19813163","B2"
"BIOTA COLOMBIA","01245376","B4"
"BIOTA NEOTROPICA","16760611","B1"
"BIOTA NEOTROPICA","16760603","B1"
"BIOTECHNOLOGY FOR BIOFUELS","17546834","A1"
"BIOTEMAS","21757925","B4"
"BIOTEMAS","01031643","B4"
"BIOTROPICA","00063606","A2"
"BIOTROPICA","17447429","A2"
"BOLETIM DA SOCIEDADE BRASILEIRA DE MASTOZOOLOGIA","18080413",NA
"BOLETIM DE PESQUISA E DESENVOLVIMENTO","18095003",NA
"BOLETIM DO MUSEU DE BIOLOGIA MELLO LEITAO","01039121",NA
"BOLETIM DO MUSEU PARAENSE EMILIO GOELDI. CIENCIAS NATURAIS","23176237","B4"
"BOLETIM DO MUSEU PARAENSE EMILIO GOELDI. CIENCIAS NATURAIS","19818114","B4"
"BOLETIM DO MUSEU PARAENSE EMÍLIO GOELDI. CIÊNCIAS NATURAIS","19818114","B4"
"BOLETIN DE INVESTIGACIONES MARINAS Y COSTERAS","01229761","B4"
"BOTANICA MARINA","14374323","A4"
"BOTANY","19162804","A3"
"BRAZILIAN APPLIED SCIENCE REVIEW","25953621","B4"
"BRAZILIAN APPLIED SCIENCE REVIEW,","25953621","B4"
"BRAZILIAN GEOPRAPHICAL JOURNAL:","21792321",NA
"BRAZILIAN JOURNAL OF ANIMAL AND ENVIRONMENT RESEARCH","2595573X","B4"
"BRAZILIAN JOURNAL OF ANIMAL AND ENVIRONMENTAL RESEARCH","2595573X","B4"
"BRAZILIAN JOURNAL OF BIOLOGICAL SCIENCES","23582731","B4"
"BRAZILIAN JOURNAL OF BIOLOGY","15196984","A3"
"BRAZILIAN JOURNAL OF BIOLOGY","16784375","A3"
"BRAZILIAN JOURNAL OF BOTANY","01008404","A4"
"BRAZILIAN JOURNAL OF BOTANY","18069959","A4"
"BRAZILIAN JOURNAL OF DEVELOPMENT","25258761","B4"
"BRAZILIAN JOURNAL OF OCEANOGRAPHY","1982436X","B4"
"BRAZILIAN JOURNAL OF OCEANOGRAPHY","16798759","B4"
"BRYOLOGIST","00072745","A3"
"BULLETIN DE LA SOCIÉTÉ ENTOMOLOGIQUE DE FRANCE","0037928X","C"
"BULLETIN OF ENTOMOLOGICAL RESEARCH","14752670","A2"
"BULLETIN OF ENTOMOLOGICAL RESEARCH","00074853","A2"
"CADERNO DE CULTURA DO ESTUDANTE","01032666",NA
"CADERNO DE INICIAÇÃO À PESQUISA","19806272",NA
"CADERNOS DE AGROECOLOGIA","22367934","B4"
"CADERNOS DE ESTUDOS - SECRETARIA DE AVALIAÇÃO E GESTÃO DA INFORMAÇÃO","18080758",NA
"CADERNOS DE GEOCIENCIAS","01042327",NA
"CADERNOS DE PROSPECÇÃO","19831358","B4"
"CADERNOS DE SAÚDE PÚBLICA","16784464","A1"
"CAHIERS DE BIOLOGIE MARINE","00079723","B2"
"CALDASIA","03665232","B2"
"CAMDOMBÁ","18090362",NA
"CAMINHOS DE GEOGRAFIA","16786343",NA
"CANADIAN ENTOMOLOGIST","0008347X","A3"
"CANADIAN JOURNAL OF ZOOLOGY","14803283","A4"
"CANDOMBÁ - REVISTA VIRTUAL","18090362",NA
"CANDOMBÁ REVISTA VIRTUAL","18090362",NA
"CERNE","01047760","B1"
"CHECK LIST","1809127X","B2"
"CHECK LIST, JOURNAL OF SPECIES LIST AND DISTRIBUTION","1809127X","B2"
"CHECK LIST, JOURNAL OF SPICIES LIST AND DISTRIBUTION","1809127X","B2"
"CHELONIAN CONSERVATION AND BIOLOGY","10718443","B1"
"CHEMICAL GEOLOGY","00092541","A1"
"CHEMOSPHERE","00456535","A1"
"CHIROPTERA NEOTROPICAL","14134403","B4"
"CHIROPTERA NEOTROPICAL","","B4"
"CIÊNCIA E NATURA","2179460X","B4"
"CIÊNCIA E TECNOLOGIA DE ALIMENTOS","1678457X","B4"
"CIENCIA EN DESARROLLO","01217488","B4"
"CIÊNCIA HOJE","01018515",NA
"CIENCIA HOJE DAS CRIANCAS","01032054",NA
"CIENTE-FICO.COM","16771591",NA
"COMCIÊNCIA","15197654",NA
"COMMUNITY ECOLOGY","15858553","B2"
"COMUNICADO TÉCNICO","1809502X",NA
"CONEXÃO CIÊNCIA","19807058","B4"
"CONFINS","19589212","B4"
"CONSERVATION EVIDENCE","17582067","B1"
"CONSERVATION GENETICS","15729737","A2"
"CONSERVATION GENETICS RESOURCES","18777252","B1"
"CONSERVATION PHYSIOLOGY","20511434","A2"
"CORAL REEFS","07224028","A1"
"CRITICAL REVIEWS IN FOOD SCIENCE AND NUTRITION","10408398","A1"
"CURRENT OPINION IN INSECT SCIENCE","22145745","A1"
"DEBATES EM EDUCAÇÃO","21756600","B4"
"DESENVOLVIMENTO E MEIO AMBIENTE","1518952X","B2"
"DIÁLOGOS & CIÊNCIA","16780493","B4"
"DIATOM RESEARCH","0269249X","B1"
"DISCOVERY NATURE","23195703","B4"
"DISEASES OF AQUATIC ORGANISMS","01775103","A4"
"DIVERSITY","14242818","A4"
"DIVERSITY AND DISTRIBUTIONS","13669516","A1"
"DIVERSITY AND DISTRIBUTIONS","14724642","A1"
"DUGESIANA","20079133","C"
"ECOLOGIAS HUMANAS: REVISTA DA SOCIEDADE BRASILEIRA DE ECOLOGIA HUMANA","24473170",NA
"ECOLOGICAL ENTOMOLOGY","03076946","A2"
"ECOLOGICAL INDICATORS","1470160X","A1"
"ECOLOGICAL INFORMATICS","15749541","A1"
"ECOLOGICAL MODELLING","03043800","A2"
"ECOLOGICAL PROCESSES","21921709","A3"
"ECOLOGY","00129658","A1"
"ECOLOGY LETTERS","1461023X","A1"
"ECOSCIENCE","11956860","B1"
"ECOSPHERE","21508925","A2"
"ECOTOXICOLOGY AND ENVIRONMENTAL CONTAMINATION","23179643","B4"
"ECOTOXICOLOGY AND ENVIRONMENTAL SAFETY","01476513","A1"
"EDIS","25760009","B4"
"EDUCAÇÃO AMBIENTAL EM AÇÃO","16780701","B4"
"EDUCAÇÃO E PESQUISA","16784634","A1"
"EDUCAÇÃO EM FOCO","23170093","C"
"EDUCAÇÃO EM REVISTA","01024698","B4"
"EDUCAÇÃO EM REVISTA","19826621","B4"
"ENCICLOPÉDIA BIOSFERA","23172606","B4"
"ENCICLOPÉDIA BIOSFERA","18090583","B4"
"ENDANGERED SPECIES RESEARCH","18635407","A2"
"ENSINO DE CIÊNCIAS E TECNOLOGIA EM REVISTA","22374450","B4"
"ENTOMOBRASILIS","19830572","B4"
"ENTOMOLOGIA EXPERIMENTALIS ET APPLICATA","00138703","A2"
"ENTOMOLOGICAL COMMUNICATIONS","26751305","C"
"ENTOMOLOGY BEGINNERS","26759276",NA
"ENVIRONMENT, DEVELOPMENT AND SUSTAINABILITY","1387585X","A2"
"ENVIRONMENTAL BIOLOGY OF FISHES","03781909","A4"
"ENVIRONMENTAL BIOLOGY OF FISHES","15735133","A4"
"ENVIRONMENTAL ENTOMOLOGY","0046225X","A3"
"ENVIRONMENTAL MONITORING AND ASSESSMENT","01676369","A3"
"ENVIRONMENTAL POLLUTION","02697491","A1"
"ENVIRONMENTAL RESEARCH","00139351","A1"
"ENVIRONMENTAL SCIENCE & TECHNOLOGY","15205851","A1"
"ENVIRONMENTAL SCIENCE & TECHNOLOGY","0013936X","A1"
"ENVIRONMENTAL TOXICOLOGY AND CHEMISTRY","07307268","A2"
"EPIDEMIOLOGY AND INFECTION","09502688","A4"
"EPIDEMIOLOGY AND INFECTION","09502688","A1"
"EPISTEME","14135736","B4"
"ESPAÇO AMERÍNDIO","19826524","C"
"ESTUARINE COASTAL AND SHELF SCIENCE","02727714","A2"
"ESTUARINE, COASTAL AND SHELF SCIENCE","02727714","A2"
"ESTUDOS SOCIEDADE E AGRICULTURA","14130580","B4"
"ETHOLOGY ECOLOGY & EVOLUTION","18287131","A3"
"EVOLUTIONARY APPLICATIONS","17524571","A1"
"EVOLUTIONARY ECOLOGY","02697653","A2"
"EXPERIMENTAL AND APPLIED ACAROLOGY","01688162","A3"
"EXTENSÃO RURAL","23181796","C"
"FILOSOFIA E HISTÓRIA DA BIOLOGIA","21786224","A3"
"FILOSOFIA E HISTÓRIA DA BIOLOGIA","21786223","A3"
"FILOSOFIA E HISTÓRIA DA BIOLOGIA","1983053X","A3"
"FISH AND FISHERIES","14672960","A1"
"FISHERIES","15488446","A2"
"FISHERIES MANAGEMENT AND ECOLOGY","13652400","A3"
"FISHERIES RESEARCH","01657836","A2"
"FLORA","03672530","A3"
"FLORESTA","19824688","B2"
"FLORESTA E AMBIENTE","14150980","B3"
"FLORIDA ENTOMOLOGIST","19385102","B4"
"FOLIA PRIMATOLOGICA","00155713","A4"
"FOOD ADDITIVES & CONTAMINANTS PART B-SURVEILLANCE","19393210","A2"
"FOOD CONTROL","09567135","A1"
"FOOD RESEARCH INTERNATIONAL","09639969","A1"
"FOREST ECOLOGY AND MANAGEMENT","03781127","A1"
"FRESHWATER BIOLOGY","00465070","A1"
"FRONTIERS IN ECOLOGY AND EVOLUTION","2296701X","A3"
"FRONTIERS IN GENETICS","16648021","A4"
"FRONTIERS IN MARINE SCIENCE","22967745","A2"
"FRONTIERS IN MICROBIOLOGY","1664302X","A2"
"FRONTIERS IN PSYCHOLOGY","16641078","A3"
"GAZETA MÉDICA DA BAHIA","0016545X",NA
"GEOGRAFIA ENSINO & PESQUISA","22364994","B4"
"GERMINAL: MARXISMO E EDUCAÇÃO EM DEBATE","21755604","B4"
"GESTÃO & PLANEJAMENTO","15169103","B4"
"GLOBAL CHANGE BIOLOGY","13541013","A1"
"GLOBAL ECOLOGY AND BIOGEOGRAPHY","1466822X","A1"
"GLOBAL ECOLOGY AND CONSERVATION","23519894","A3"
"GLOBAL FOOD SECURITY-AGRICULTURE POLICY ECONOMICS AND ENVIRONMENT","22119124","A1"
"GSC BIOLOGICAL AND PHARMACEUTICAL SCIENCES","25813250","B4"
"HARMFUL ALGAE","15689883","A1"
"HELGOLAND MARINE RESEARCH","1438387X","A4"
"HERINGERIANA","2359165X",NA
"HERINGERIANA","19836996",NA
"HERPETOLOGIA BRASILEIRA","23164670",NA
"HERPETOLOGICAL BULLETIN","14730928","B3"
"HERPETOLOGICAL REVIEW","0018084X","B3"
"HERPETOLOGY NOTES","20715773","B3"
"HIGIENE ALIMENTAR","01019171","C"
"HISTORY AND PHILOSOPHY OF THE LIFE SCIENCES","03919714","A2"
"HTTPS://DOI.ORG/10.1186/S10152-018-0511-9","14383888","A4"
"HUMAN ARENAS: AN INTERDISCIPLINARY JOURNAL OF PSYCHOLOGY, CULTURE, AND MEANING","25225804",NA
"HUMAN ECOLOGY","15729915","A1"
"HYDROBIOLOGIA","00188158","A2"
"ICES JOURNAL OF MARINE SCIENCE","10543139","A1"
"IHERINGIA SERIE ZOOLOGIA","00734721","B1"
"IHERINGIA. SÉRIE ZOOLOGIA","00734721","B1"
"IHERINGIA. SÉRIE ZOOLOGIA","16784766","B1"
"INDAGATIO DIDACTICA","16473582","A3"
"INSECTS","20754450","A2"
"INTEGRATED ENVIRONMENTAL ASSESSMENT AND MANAGEMENT","15513777","A2"
"INTERFACE","18066062","B1"
"INTERFACES BRASIL/CANADÁ","19845677","C"
"INTERNATIONAL JOURNAL OF DEVELOPMENT RESEARCH","22309926","C"
"INTERNATIONAL JOURNAL OF ENVIRONMENTAL HEALTH RESEARCH","09603123","A4"
"INTERNATIONAL JOURNAL OF ENVIRONMENTAL RESEARCH AND PUBLIC HEALTH","16604601","A3"
"INTERNATIONAL JOURNAL OF ODONATOLOGY","13887890","B1"
"INTERNATIONAL JOURNAL OF ODONATOLOGY","21596719","B1"
"INTERNATIONAL JOURNAL OF PEST MANAGEMENT","09670874","A4"
"INTERNATIONAL JOURNAL OF PRIMATOLOGY","01640291","A2"
"INTERNATIONAL JOURNAL OF REMOTE SENSING","13665901","A2"
"INTERNATIONAL JOURNAL OF RESEARCH STUDIES IN BIOSCIENCES","23490365","C"
"INTERNATIONAL JOURNAL OF RESEARCH STUDIES IN BIOSCIENCES","23490357","C"
"INTERNATIONAL JOURNAL OF TROPICAL INSECT SCIENCE","17427592","B2"
"INTERNATIONAL REVIEW OF HYDROBIOLOGY","14342944","A2"
"INVESTIGAÇÕES EM ENSINO DE CIÊNCIAS","15188795","B4"
"JOURNAL FOR NATURE CONSERVATION","16171381","A2"
"JOURNAL OF APPLIED ECOLOGY","00218901","A1"
"JOURNAL OF APPLIED ENTOMOLOGY","09312048","A2"
"JOURNAL OF APPLIED ICHTHYOLOGY","01758659","B2"
"JOURNAL OF APPLIED PHARMACEUTICAL SCIENCE.","22313354","B1"
"JOURNAL OF BIOGEOGRAPHY","13652699","A1"
"JOURNAL OF BRAZILIAN SOCIETY OF ECOTOXICOLOGY","22361693",NA
"JOURNAL OF BRYOLOGY","03736687","A4"
"JOURNAL OF COASTAL RESEARCH","07490208","B1"
"JOURNAL OF ECONOMIC ENTOMOLOGY","00220493","A2"
"JOURNAL OF ENVIRONMENTAL ANALYSIS AND PROGRESS","2525815X","B4"
"JOURNAL OF ENVIRONMENTAL MANAGEMENT","03014797","A1"
"JOURNAL OF ETHNOBIOLOGY AND ETHNOMEDICINE","17464269","A1"
"JOURNAL OF ETHOLOGY","02890771","A3"
"JOURNAL OF EXPERIMENTAL BIOLOGY","00220949","A1"
"JOURNAL OF EXPERIMENTAL MARINE BIOLOGY AND ECOLOGY","00220981","A2"
"JOURNAL OF FISH BIOLOGY","00221112","A3"
"JOURNAL OF FORAMINIFERAL RESEARCH","00961191","A3"
"JOURNAL OF FORESTRY RESEARCH","19930607","A4"
"JOURNAL OF HEREDITY","00221503","A3"
"JOURNAL OF HERPETOLOGY","19372418","A3"
"JOURNAL OF INFECTION IN DEVELOPING COUNTRIES","19722680","B2"
"JOURNAL OF INSECT BEHAVIOR","15728889","A4"
"JOURNAL OF INSECT BEHAVIOR","08927553","A4"
"JOURNAL OF INSECT BIODIVERSITY","21477612","B4"
"JOURNAL OF INSECT CONSERVATION","1366638X","A2"
"JOURNAL OF INSECT CONSERVATION","15729753","A2"
"JOURNAL OF MAMMALIAN EVOLUTION","10647554","A1"
"JOURNAL OF MEDICAL ENTOMOLOGY","00222585","A1"
"JOURNAL OF NATURAL HISTORY","00222933","B1"
"JOURNAL OF NATURAL HISTORY","14645262","B1"
"JOURNAL OF PHARMACY RESEARCH","09746943","B4"
"JOURNAL OF PHYCOLOGY","00223646","A2"
"JOURNAL OF POLLINATION ECOLOGY","19207603",NA
"JOURNAL OF THE ACOUSTICAL SOCIETY OF AMERICA","00014966","A2"
"JOURNAL OF THE BOTANICAL RESEARCH INSTITUTE OF TEXAS","19345259","B3"
"JOURNAL OF THE BRAZILIAN CHEMICAL SOCIETY","01035053","A4"
"JOURNAL OF THE MARINE BIOLOGICAL ASSOCIATION OF THE UK","14697769","B4"
"JOURNAL OF THE MARINE BIOLOGICAL ASSOCIATION OF THE UNITED KINGDOM","00253154","A4"
"JOURNAL OF THE ROYAL SOCIETY INTERFACE","17425689","A2"
"JOURNAL OF THE SCIENCE OF FOOD AND AGRICULTURE","00225142","A2"
"JOURNAL OF THEORETICAL BIOLOGY","00225193","A1"
"JOURNAL OF THERMAL BIOLOGY","03064565","A1"
"JOURNAL OF THREATENED TAXA","09747907","B2"
"JOURNAL OF TROPICAL ECOLOGY","02664674","A4"
"JOURNAL OF ZOOLOGY","09528369","A2"
"LAND","2073445X","A3"
"LANDSCAPE AND URBAN PLANNING","01692046","A1"
"LANDSCAPE ECOLOGY","09212973","A1"
"LATIN AMERICAN JOURNAL OF AQUATIC RESEARCH","0718560X","B2"
"LATIN AMERICAN JOURNAL OF BUSINESS MANAGEMENT","21784833","C"
"LATIN AMERICAN JOURNAL OF BUSINESS MANEGEMENT","21784833","C"
"LICHENOLOGIST","00242829","A3"
"LIMNETICA","02138409","B2"
"LUMINÁRIA","23594373",NA
"LUNDIANA","16766180",NA
"MAGISTRA","22364420","B4"
"MAGISTRA CRUZ DAS ALMAS-BA","22364420",NA
"MALACOLOGIA","21689075","A1"
"MAMMALIA","18641547","A4"
"MARINE AND FRESHWATER RESEARCH","13231650","A2"
"MARINE BIODIVERSITY","18671616","A4"
"MARINE BIODIVERSITY RECORDS","17552672","A4"
"MARINE BIOLOGY","00253162","A2"
"MARINE BIOLOGY","14321793","A2"
"MARINE ECOLOGY","14390485","A3"
"MARINE ECOLOGY","01739565","A3"
"MARINE ECOLOGY PROGRESS SERIES","16161599","A2"
"MARINE ECOLOGY-AN EVOLUTIONARY PERSPECTIVE","01739565","A3"
"MARINE ENVIRONMENTAL RESEARCH","01411136","A1"
"MARINE POLLUTION BULLETIN","0025326X","A1"
"MARINE POLLUTION BULLETIN.","0025326X","A1"
"MARINE TURTLE NEWSLETTER","08397708","C"
"MASTOZOOLOGÍA NEOTROPICAL","03279383","B3"
"MASTOZOOLOGIA NEOTROPICAL /JOURNAL OF NEOTROPICAL MAMMALOGY","16660536",NA
"MERCATOR","19842201","B4"
"METHODS IN ECOLOGY AND EVOLUTION","2041210X","A1"
"MICROBIAL ECOLOGY","00953628","A1"
"MICROCHEMICAL JOURNAL","0026265X","A2"
"MIDDLE-EAST JOURNAL OF SCIENTIFIC RESEARCH","19909233",NA
"MITIGATION AND ADAPTATION STRATEGIES FOR GLOBAL CHANGE","13812386","A2"
"MOSAICO REVISTA MULTIDISCIPLINAR DE HUMANIDADES","21787719",NA
"NATURE","00280836","A1"
"NATURE COMMUNICATIONS","20411723","A1"
"NATURE ECOLOGY & EVOLUTION","2397334X","A1"
"NATURE HUMAN BEHAVIOUR","23973374","A1"
"NATURE MACHINE INTELLIGENCE","25225839","A1"
"NATUREZA & CONSERVAÇÃO","16790073","B4"
"NATUREZA ON LINE","18067409",NA
"NAUPLIUS","23582936","B3"
"NEOTROPICAL BIOLOGY AND CONSERVATION","18099939","B2"
"NEOTROPICAL BIOLOGY AND CONSERVATION","22363777","B2"
"NEOTROPICAL BIOLOGYAND CONSERVATION","22363777","B2"
"NEOTROPICAL ENTOMOLOGY","16788052","A4"
"NEOTROPICAL ENTOMOLOGY","1519566X","A4"
"NEOTROPICAL ICHTHYOLOGY","19820224","A3"
"NEOTROPICAL ICHTHYOLOGY","16796225","A3"
"NEOTROPICAL PRIMATES","14134703","C"
"NORTH-WESTERN JOURNAL OF ZOOLOGY","18435629","B1"
"NOVA HEDWIGIA","00295035","A4"
"O CARSTE","01049356",NA
"OCEAN & COASTAL MANAGEMENT","09645691","A2"
"OCEAN &AMP; COASTAL MANAGEMENT","09645691","A2"
"OCEAN AND COASTAL RESEARCH","26752824","A4"
"OCEAN DYNAMICS","16167341","A3"
"OCEANOGRAPHY & FISHERIES","24760536","C"
"ODONATOLOGICA","03750183","B2"
"OECOLOGIA","00298549","A2"
"OECOLOGIA AUSTRALIS","21776199","B3"
"OECOLOGIA BRASILIENSIS","19806442",NA
"OIKOS","16000706","A1"
"OPEN JOURNAL OF ANIMAL SCIENCES","21617597",NA
"ORNITHOLOGIA","18087221",NA
"ORYX","13653008","A2"
"PAKISTAN JOURNAL OF ZOOLOGY","00309923","B1"
"PALAEOGEOGRAPHY, PALAEOCLIMATOLOGY, PALAEOECOLOGY","00310182","A1"
"PAN-AMERICAN JOURNAL OF AQUATIC SCIENCES","18099009","B3"
"PAPÉIS AVULSOS DE ZOOLOGIA","18070205","B2"
"PAPÉIS AVULSOS DE ZOOLOGIA","00311049","B2"
"PARASITES & VECTORS","17563305","A1"
"PARASITOLOGY","00311820","A1"
"PARASITOLOGY","14698161","A1"
"PARASITOLOGY RESEARCH","09320113","A1"
"PERCURSOS","19847246","B4"
"PERSPECTIVES IN ECOLOGY AND CONSERVATION","25300644","A1"
"PESQUISA E ENSINO EM CIÊNCIAS EXATAS E DA NATUREZA","25268236","B4"
"PESQUISA EM EDUCAÇÃO AMBIENTAL","2177580X","B4"
"PESQUISAS BOTÂNICA","25257412",NA
"PESQUISAS. BOTÂNICA","0373840X","C"
"PHYLLOMEDUSA : JOURNAL OF HERPETOLOGY","15191397","B3"
"PHYLLOMEDUSA : JOURNAL OF HERPETOLOGY","23169079","B4"
"PHYLLOMEDUSA: JOURNAL OF HERPETOLOGY","23169079","B4"
"PHYSICA A-STATISTICAL MECHANICS AND ITS APPLICATIONS","03784371","A1"
"PHYSICA D-NONLINEAR PHENOMENA","01672789","A1"
"PHYTOCHEMISTRY","00319422","A1"
"PHYTOCOENOLOGIA","0340269X","A3"
"PHYTOTAXA","11793163","B4"
"PHYTOTAXA: A RAPID INTERNATIONAL JOURNAL FOR ACCELERATING THE PUBLICATION OF BOTANICAL TAXONOMY","11793155","A4"
"PLOS NEGLECTED TROPICAL DISEASES","19352735","A1"
"PLOS ONE","19326203","A1"
"POPULATION ECOLOGY","14383896","A3"
"PRIMATE CONSERVATION","08986207","B1"
"PROC 8TH INT CORAL REEF SYM","",NA
"PROCEEDINGS OF THE INSTITUTION OF CIVIL ENGINEERS. WASTE AND RESOURCE MANAGEMENT","17476526","A4"
"PROCEEDINGS OF THE NATIONAL ACADEMY OF SCIENCES OF THE UNITED STATES OF AMERICA","00278424","A1"
"PROCEEDINGS OF THE ROYAL SOCIETY B-BIOLOGICAL SCIENCES","09628452","A1"
"RA'E GA","15164136","B3"
"RAMA - REVISTA EM AGRONEGÓCIO E MEIO AMBIENTE","21769168",NA
"RBC. REVISTA BRASILEIRA DE CARTOGRAFIA","18080936",NA
"RBPG - REVISTA BRASILEIRA DA PÓS-GRADUAÇÃO","23582332",NA
"RBPG. REVISTA BRASILEIRA DE PÓS-GRADUAÇÃO","18068405",NA
"RBPG. REVISTA BRASILEIRA DE PÓS-GRADUAÇÃO","23582332",NA
"REEC. REVISTA ELECTRÓNICA DE ENSEÑANZA DE LAS CIENCIAS","15791513",NA
"REGIONAL STUDIES IN MARINE SCIENCE","23524855","A3"
"REMOTE SENSING","20724292","A1"
"RESEARCH, SOCIETY AND DEVELOPMENT","25253409","B4"
"REVINTER","19843577",NA
"REVISTA ACADÊMICA GUETO","23190752",NA
"REVISTA ACTA SCIENTIAE","21787727",NA
"REVISTA AGROGEOAMBIENTAL","23161817","B4"
"REVISTA BIOCIÊNCIAS","14157411",NA
"REVISTA BRASILEIRA DE AGROECOLOGIA","19809735","B4"
"REVISTA BRASILEIRA DE ARBORIZAÇÃO URBANA","19807694","B4"
"REVISTA BRASILEIRA DE BIOCIÊNCIAS","19804849",NA
"REVISTA BRASILEIRA DE BIOCIÊNCIAS","16792343",NA
"REVISTA BRASILEIRA DE CIÊNCIA DO SOLO","18069657","A3"
"REVISTA BRASILEIRA DE CIÊNCIAS AMBIENTAIS","21769478",NA
"REVISTA BRASILEIRA DE ENTOMOLOGIA","00855626","A4"
"REVISTA BRASILEIRA DE ESTUDOS PEDAGÓGICOS","00347183","B4"
"REVISTA BRASILEIRA DE GESTÃO AMBIENTAL E SUSTENTABILIDADE","23591412","B4"
"REVISTA BRASILEIRA DE ORNITOLOGIA","01035657","B3"
"REVISTA BRASILEIRA DE PARASITOLOGIA VETERINARIA","19842961","A3"
"REVISTA BRASILEIRA DE PESQUISA EM EDUCAÇÃO EM CIÊNCIAS","18065104","B4"
"REVISTA BRASILEIRA DE PESQUISA EM EDUCAÇÃO EM CIÊNCIAS","19842686","B4"
"REVISTA BRASILEIRA DE PESQUISA EM EDUCAÇÃO EM CIÊNCIAS","18065103","B4"
"REVISTA BRASILEIRA DE PLANTAS MEDICINAIS","15160572",NA
"REVISTA BRASILEIRA DE ZOOCIÊNCIAS","25963325","B4"
"REVISTA BRASILEIRA DE ZOOCIÊNCIAS","15176770","B4"
"REVISTA BRASILEIRA DE ZOOCIÊNCIAS","","B4"
"REVISTA BRASILEIRA DE ZOOLOGIA","01018175","B4"
"REVISTA CAATINGA","0100316X","A4"
"REVISTA CAATINGA","19832125","A4"
"REVISTA CAITITU - APROXIMANDO PESQUISA ECOLÓGICA E APLICAÇÃO","2318504X",NA
"REVISTA CANDOMBÁ","18090362",NA
"REVISTA CIÊNCIAS MÉDICAS E BIOLÓGICAS","16775090","B4"
"REVISTA COMMUNITAS","25265970","B4"
"REVISTA CONTEMPORÂNEA DE EDUCAÇÃO","18095747",NA
"REVISTA DA BAHIA","01032089",NA
"REVISTA DA BAHIA","",NA
"REVISTA DA BIOLOGIA","19845154","B4"
"REVISTA DA FACED","19806620","B4"
"REVISTA DA GESTÃO COSTEIRA INTEGRADA","16468872","B2"
"REVISTA DA SBENBIO","19821867","B4"
"REVISTA DA SOCIEDADE BRASILEIRA DE ARBORIZAÇÃO URBANA","19807694","B4"
"REVISTA DA SOCIEDADE BRASILEIRA DE MEDICINA TROPICAL","00378682","B1"
"REVISTA DE ARACNOLOGÍA","15769518","B4"
"REVISTA DE BIOLOGÍA MARINA Y OCEANOGRAFÍA","07181957","B3"
"REVISTA DE BIOLOGIA NEOTROPICAL","18079652","B4"
"REVISTA DE CIÊNCIAS AGRO-AMBIENTAIS","16791509",NA
"REVISTA DE CIÊNCIAS MÉDICAS E BIOLÓGICAS","16775090","B4"
"REVISTA DE DIREITOS DIFUSOS","15179192",NA
"REVISTA DE EDUCAÇÃO DO VALE DO SÃO FRANCISCO","21778183","B4"
"REVISTA DE EDUCAÇÃO, CIÊNCIAS E MATEMÁTICA","22382380","B4"
"REVISTA DE ENSINO DE BIOLOGIA DA ASSOCIAÇÃO BRASILEIRA DE ENSINO DE BIOLOGIA","19821867",NA
"REVISTA DE ENSINO DE BIOLOGIA DA ASSOCIAÇÃO BRASILEIRA DE ENSINO DE BIOLOGIA","19821067",NA
"REVISTA DE EXTENSÃO","18070221","B4"
"REVISTA DE FILOSOFIA: AURORA","01044443","B4"
"REVISTA DE GESTÃO COSTEIRA INTEGRADA","16468872","B2"
"REVISTA DIDÁTICA SISTÊMICA","18093108","C"
"REVISTA DO CEJUR/TJSC","23190884",NA
"REVISTA DO IEEE AMÉRICA LATINA","00000000",NA
"REVISTA EDUCAÇÃO E FRONTEIRAS ON-LINE","2237258X",NA
"REVISTA ELETRÔNICA DO MESTRADO EM EDUCAÇÃO AMBIENTAL","15171256","B4"
"REVISTA EXPRESSÃO CIENTÍFICA","25266691","C"
"REVISTA EXTENSÃO","22366784","B4"
"REVISTA FÍSICA NA ESCOLA","",NA
"REVISTA GESTÃO E SUSTENTABILIDADE AMBIENTAL","22388753","B4"
"REVISTA HÚMUS","22364358",NA
"REVISTA IBERO-AMERICANA DE CIÊNCIAS AMBIENTAIS","21796858","B4"
"REVISTA INTROPICA","1794161X",NA
"REVISTA INTRÓPICA","1794161X",NA
"REVISTA JOVENS CIENTISTAS","23189770",NA
"REVISTA LANDA","01018175",NA
"REVISTA MACAMBIRA","25944754",NA
"REVISTA MAGISTRA","22364420",NA
"REVISTA MONOGRAFIAS AMBIENTAIS","22361308",NA
"REVISTA MULTIDISCIPLINAR DE EDUCAÇÃO E MEIO AMBIENTE","2675813X","C"
"REVISTA NACIONAL DE GERENCIAMENTO DE CIDADES","23188472","C"
"REVISTA NORDESTINA DE BIOLOGIA","22361480",NA
"REVISTA NORDESTINA DE CIÊNCIAS BIOLÓGICAS","25953729",NA
"REVISTA NORDESTINA DE ZOOLOGIA","18087663",NA
"REVISTA OURICURI","23170131",NA
"REVISTA PESQUISA QUALITATIVA","25258222","B4"
"REVISTA PINDORAMA","21792984",NA
"REVISTA RA'E GA ¿ ESPAÇO GEOGRÁFICO EM ANÁLISE","21772738",NA
"REVISTA VIRTUAL DE QUÍMICA","19846835","B2"
"RODRIGUESIA","21757860","B1"
"RODRIGUESIA","21757860","B4"
"SABIOS","19800002","C"
"SALAMANDRA","00363375","A3"
"SCIENCE","00368075","A1"
"SCIENCE","10959203","A1"
"SCIENCE & EDUCATION","09267220","A1"
"SCIENCE ADVANCES","23752548","A1"
"SCIENCE OF NATURE","00281042","A3"
"SCIENCE OF THE TOTAL ENVIRONMENT","00489697","A1"
"SCIENTIA AGRICOLA","1678992X","A2"
"SCIENTIA AGRICOLA","01039016","A2"
"SCIENTIA FORESTALIS","14139324","B2"
"SCIENTIA PLENA","18082793","B4"
"SCIENTIA VITAE","23179066","B4"
"SCIENTIAE STUDIA","16783166",NA
"SCIENTIFIC REPORTS","20452322","A1"
"SCIENTOMETRICS","01389130","A1"
"SEMINA-CIENCIAS AGRARIAS","1676546X","A4"
"SEPARATION AND PURIFICATION TECHNOLOGY","13835866","A1"
"SINAPSE AMBIENTAL","18079067",NA
"SITIENTIBUS","01018841",NA
"SITIENTIBUS","",NA
"SITIENTIBUS SERIE CIENCIAS BIOLOGICAS","15196097",NA
"SITIENTIBUS SÉRIE CIÊNCIAS BIOLOGICAS","22384103",NA
"SITIENTIBUS. REVISTA DA UNIVERSIDADE ESTADUAL DE FEIRA DE SANTANA","01018841",NA
"SITIENTIBUS. SÉRIE CIÊNCIAS BIOLÓGICAS","15196097",NA
"SN APPLIED SCIENCES","25233963","B4"
"SOCIEDADE & NATUREZA","01031570","B4"
"SOCIEDADE BRASILEIRA DE MEDICINA TROPICAL. REVISTA","16789849","B1"
"SOCIOBIOLOGY","03616525","B2"
"SOCIOBIOLOGY","24478067","B2"
"SOUTH AMERICAN JOURNAL OF HERPETOLOGY","18089798","A3"
"STUDIES ON NEOTROPICAL FAUNA AND ENVIRONMENT","17445140","A4"
"STUDIES ON NEOTROPICAL FAUNA AND ENVIRONMENT","01650521","A4"
"TECBAHIA","01043285",NA
"TERR@ PLURAL","1982095X","B4"
"TERRITORIUM","08728941","B4"
"THE BRYOLOGIST","00072745","A3"
"THE JOURNAL OF ARACHNOLOGY","01618202","A4"
"THE JOURNAL OF INFECTION IN DEVELOPING COUNTRIES","20366590","B4"
"THE LATIN AMERICAN JOURNAL OF AQUATIC MAMMALS","16767497",NA
"THE NIGERIAN JOURNAL OF PARASITOLOGY","11174145",NA
"THEORY IN BIOSCIENCES","14317613","A3"
"TOXICON","00410101","A4"
"TRENDS IN PARASITOLOGY","14714922","A1"
"TROPICAL CONSERVATION SCIENCE","19400829","A4"
"TROPICAL ZOOLOGY","19709528","B2"
"TURKISH JOURNAL OF ZOOLOGY","13036114","B1"
"UNIVERSITAS SCIENTIARUM: REVISTA DE LA FACULTAD DE CIENCIAS DE LA PONTIFICIA UNIVERSIDAD JAVERIANA","01227483","B1"
"URBAN ECOSYSTEMS","10838155","A1"
"URBE. REVISTA BRASILEIRA DE GESTÃO URBANA","21753369","A1"
"VECTOR-BORNE AND ZOONOTIC DISEASES","15303667","A4"
"VETERINARY PARASITOLOGY","03044017","A1"
"VITAE","01214004","B3"
"WATER AIR AND SOIL POLLUTION","00496979","A3"
"WETLANDS","02775212","A2"
"WILEY INTERDISCIPLINARY REVIEWS-DATA MINING AND KNOWLEDGE DISCOVERY","19424787","A1"
"XII SEMANA DE MOBILIZAÇÃO CIENTÍFICA DA UCSAL","2177272X",NA
"ZOOKEYS","13132970","A4"
"ZOOLOGIA","19844689","B1"
"ZOOLOGIA: AN INTERNATIONAL JOURNAL FOR ZOOLOGY","19844670","B1"
"ZOOLOGISCHER ANZEIGER","00445231","A3"
"ZOOTAXA","11755334","A4"
"ZOOTAXA","11755326","A4"
